Date,Close,Close,Close
9/30/2009,42.25,50.97,23.03
9/29/2009,42.22,50.94,23.03
9/28/2009,42.41,51.37,22.85
9/25/2009,41.7,49.69,23.63
9/24/2009,42.07,50.57,23.21
9/23/2009,42.45,51.45,22.86
9/22/2009,42.65,51.99,22.6
9/21/2009,42.57,51.77,22.73
9/18/2009,42.44,51.55,22.85
9/17/2009,42.41,51.3,22.95
9/16/2009,42.42,51.34,22.93
9/15/2009,41.81,49.88,23.63
9/14/2009,41.68,49.55,23.75
9/11/2009,41.52,49.16,23.94
9/10/2009,41.48,49.08,24.01
9/9/2009,41.09,48.18,24.45
9/8/2009,40.74,47.39,24.88
9/4/2009,40.36,46.46,25.4
9/3/2009,39.51,44.58,26.46
9/2/2009,39.25,43.98,26.83
9/1/2009,39.28,44.07,26.8
8/31/2009,40.03,45.77,25.83
8/28/2009,40.44,46.76,25.37
8/27/2009,40.4,46.65,25.4
8/26/2009,40.3,46.46,25.51
8/25/2009,40.37,46.58,25.48
8/24/2009,40.25,46.27,25.6
8/21/2009,40.29,46.34,25.54
8/20/2009,39.76,45.22,26.24
8/19/2009,39.3,44.15,26.89
8/18/2009,39.03,43.54,27.25
8/17/2009,38.48,42.35,28.02
8/14/2009,39.63,44.97,26.49
8/13/2009,40.09,46.02,25.91
8/12/2009,39.87,45.56,26.18
8/11/2009,39.26,44.2,27.06
8/10/2009,39.6,45.01,26.53
8/7/2009,39.88,45.5,26.19
8/6/2009,39.38,44.48,26.88
8/5/2009,39.73,45.27,26.46
8/4/2009,40.04,45.9,26.06
8/3/2009,40.04,45.93,26.08
7/31/2009,39.45,44.58,26.84
7/30/2009,39.57,44.89,26.63
7/29/2009,39.34,44.38,26.99
7/28/2009,39.47,44.74,26.84
7/27/2009,39.35,44.45,26.98
7/24/2009,39.35,44.38,27.02
7/23/2009,39.35,44.42,27.01
7/22/2009,38.5,42.5,28.34
7/21/2009,38.18,41.9,28.77
7/20/2009,37.92,41.26,29.15
7/17/2009,37.56,40.47,29.77
7/16/2009,37.36,40.04,30.08
7/15/2009,36.92,39.1,30.87
7/14/2009,35.72,36.66,33.01
7/13/2009,35.59,36.4,33.32
7/10/2009,34.92,35.1,34.55
7/9/2009,34.77,34.75,34.9
7/8/2009,34.71,34.68,34.93
7/7/2009,34.53,34.37,35.4
7/6/2009,35.41,36.18,33.74
7/2/2009,35.6,36.52,33.33
7/1/2009,36.4,38.16,31.88
6/30/2009,36.38,38.1,32.02
6/29/2009,36.45,38.26,31.86
6/26/2009,36.37,38.15,31.95
6/25/2009,36.29,38.01,32.17
6/24/2009,35.59,36.52,33.5
6/23/2009,35,35.37,34.59
6/22/2009,35.08,35.57,34.58
6/19/2009,36.16,37.7,32.63
6/18/2009,35.82,36.87,33.28
6/17/2009,35.89,37.06,33.16
6/16/2009,35.55,36.45,33.82
6/15/2009,35.9,37.1,33.15
6/12/2009,36.65,38.77,31.84
6/11/2009,36.82,39.05,31.59
6/10/2009,36.82,39.09,31.59
6/9/2009,36.95,39.4,31.35
6/8/2009,36.67,38.75,31.81
6/5/2009,36.78,39.05,31.61
6/4/2009,36.74,38.95,31.7
6/3/2009,36.33,38.18,32.47
6/2/2009,36.44,38.28,32.29
6/1/2009,36.39,38.28,32.29
5/29/2009,35.38,36.1,34.38
5/28/2009,34.95,35.33,35.15
5/27/2009,34.55,34.4,36.05
5/26/2009,34.79,34.98,35.57
5/22/2009,33.54,32.5,38.35
5/21/2009,33.65,32.75,38.14
5/20/2009,34.28,33.99,36.83
5/19/2009,34.4,34.27,36.61
5/18/2009,34.24,33.88,36.89
5/15/2009,33.37,32.17,38.95
5/14/2009,33.39,32.24,38.93
5/13/2009,33.02,31.56,39.82
5/12/2009,33.93,33.41,37.73
5/11/2009,34.35,34.26,36.93
5/8/2009,34.23,34.05,37.2
5/7/2009,34.21,33.93,37.2
5/6/2009,35.03,35.63,35.52
5/5/2009,35.02,35.64,35.56
5/4/2009,35.05,35.75,35.44
5/1/2009,34.37,34.3,37.01
4/30/2009,34.28,34.12,37.11
4/29/2009,33.94,33.48,37.88
4/28/2009,33.48,32.61,39
4/27/2009,33.73,33.07,38.42
4/24/2009,33.69,33.04,38.36
4/23/2009,33.11,31.98,39.99
4/22/2009,32.79,31.33,40.71
4/21/2009,32.69,31.05,41.04
4/20/2009,32.24,30.18,42.12
4/17/2009,33.31,32.26,39.61
4/16/2009,33.24,32.24,39.91
4/15/2009,32.4,30.72,42
4/14/2009,32.49,30.76,41.77
4/13/2009,32.89,31.57,40.77
4/9/2009,32.94,31.65,40.6
4/8/2009,31.95,29.86,43.25
4/7/2009,31.42,28.77,44.82
4/6/2009,32.27,30.44,42.62
4/3/2009,32.35,30.62,42.36
4/2/2009,31.76,29.54,44.18
4/1/2009,30.77,27.76,47.11
3/31/2009,30.32,27.01,48.5
3/30/2009,30.06,26.41,49.41
3/27/2009,30.82,27.82,47.07
3/26/2009,31.41,28.98,45.4
3/25/2009,30.47,27.27,48.46
3/24/2009,30.33,27.09,48.88
3/23/2009,30.9,28.08,47.21
3/20/2009,29.18,25.12,53.45
3/19/2009,29.68,25.87,51.85
3/18/2009,29.7,25.88,51.96
3/17/2009,29.33,25.24,53.41
3/16/2009,28.26,23.47,57.72
3/13/2009,28.74,24.36,55.73
3/12/2009,28.67,24.18,56.21
3/11/2009,27.75,22.65,60.17
3/10/2009,27.33,21.99,62.1
3/9/2009,25.74,19.6,70.81
3/6/2009,26.3,20.53,67.95
3/5/2009,26.51,20.85,66.78
3/4/2009,27.33,22.13,63.27
3/3/2009,26.62,21.06,66.65
3/2/2009,26.64,21.1,66.7
2/27/2009,27.53,22.52,62.65
2/26/2009,27.79,23,61.42
2/25/2009,28.59,24.32,58.26
2/24/2009,28.78,24.6,57.66
2/23/2009,27.86,23.16,61.61
2/20/2009,28.87,24.87,57.48
2/19/2009,28.79,24.8,57.95
2/18/2009,29.24,25.53,56.16
2/17/2009,29.22,25.6,56.16
2/13/2009,30.43,27.7,52.22
2/12/2009,30.57,28,51.56
2/11/2009,30.2,27.38,52.85
2/10/2009,30.34,27.58,52.48
2/9/2009,31.5,29.82,48.91
2/6/2009,31.37,29.49,49.36
2/5/2009,30.57,28.06,52.1
2/4/2009,29.91,26.84,54.48
2/3/2009,29.87,26.82,54.67
2/2/2009,29.41,25.99,56.4
1/30/2009,29.06,25.33,57.85
1/29/2009,29.58,26.33,55.81
1/28/2009,30.35,27.66,53.17
1/27/2009,29.32,25.93,57.1
1/26/2009,29.11,25.51,58.04
1/23/2009,28.9,25.13,58.95
1/22/2009,28.76,25.03,59.55
1/21/2009,29.15,25.57,58.05
1/20/2009,27.96,23.75,63.12
1/16/2009,29.42,26.25,57.73
1/15/2009,29.1,25.61,59.24
1/14/2009,28.63,24.88,60.88
1/13/2009,29.53,26.47,57.42
1/12/2009,29.52,26.5,57.45
1/9/2009,30.07,27.52,55.29
1/8/2009,30.76,28.8,53.03
1/7/2009,30.44,28.19,54.1
1/6/2009,31.33,29.86,51.35
1/5/2009,31.02,29.26,52.34
1/2/2009,31.03,29.26,52.49
12/31/2008,29.74,26.89,57.35
12/30/2008,29.49,26.42,58.37
12/29/2008,28.89,25.27,61.01
12/26/2008,29.13,25.93,59.91
12/24/2008,29.14,25.91,60.07
12/23/2008,29.06,25.84,60.05
12/22/2008,29.21,26.17,68.82
12/19/2008,29.86,27.23,66.19
12/18/2008,29.66,26.93,67.12
12/17/2008,30.19,27.83,65.1
12/16/2008,30.56,28.5,63.63
12/15/2008,29.16,26.05,70.31
12/12/2008,29.68,26.99,68.13
12/11/2008,29.09,25.98,70.93
12/10/2008,29.91,27.5,67.26
12/9/2008,30.01,27.53,67.1
12/8/2008,30.08,27.75,66.89
12/5/2008,28.94,25.71,72.61
12/4/2008,27.81,23.8,78.81
12/3/2008,28.62,25.15,74.9
12/2/2008,27.83,23.95,79.25
12/1/2008,26.93,22.51,85.07
11/28/2008,29.12,26.44,73.86
11/26/2008,29.35,26.77,73.19
11/25/2008,28.17,24.73,79.8
11/24/2008,28.3,24.9,79.19
11/21/2008,26.67,22.25,90.11
11/20/2008,25.56,20.63,98.6
11/19/2008,26.86,22.7,90.25
11/18/2008,28.34,25.32,81.51
11/17/2008,28.37,25.55,81.39
11/14/2008,28.98,26.58,78.4
11/13/2008,30.46,29.48,71.28
11/12/2008,28.71,26.39,81.4
11/11/2008,30.1,29.36,74.3
11/10/2008,30.77,30.57,71.23
11/7/2008,31.19,31.09,69.31
11/6/2008,30.56,29.79,72.83
11/5/2008,31.99,32.9,66.7
11/4/2008,33.75,36.93,60.38
11/3/2008,32.82,34.94,64.58
10/31/2008,32.89,34.78,64.68
10/30/2008,32.84,34.6,64.44
10/29/2008,31.78,32.89,68
10/28/2008,31.86,32.54,68.85
10/27/2008,28.69,26.91,87.8
10/24/2008,29.51,28.58,84.15
10/23/2008,30.49,30.33,77.71
10/22/2008,30.61,30.61,77.45
10/21/2008,31.48,32.83,73.36
10/20/2008,33.2,36.5,66.74
10/17/2008,32.3,34.2,70.4
10/16/2008,32.26,34.27,70.9
10/15/2008,30.6,30.77,79.11
10/14/2008,33.61,37.65,67.35
10/13/2008,35.13,41.5,63
10/10/2008,31.32,33.31,81.8
10/9/2008,31.52,32.82,82.05
10/8/2008,32.39,35.57,77
10/7/2008,32.65,36.5,75.86
10/6/2008,34.86,40.56,68.87
10/3/2008,36.18,44.75,63.05
10/2/2008,36.75,46.9,60.59
10/1/2008,38.5,51.01,55.41
9/30/2008,38.91,52.38,54.72
9/29/2008,37.82,47.45,61.5
9/26/2008,41.08,58.8,51.27
9/25/2008,41.5,59.19,51.18
9/24/2008,40.85,58.59,51.44
9/23/2008,40.57,57.4,53.02
9/22/2008,40.88,58.55,52
9/19/2008,42.9,63.34,48.68
9/18/2008,41.57,61.01,50.6
9/17/2008,40.21,56.9,54.28
9/16/2008,42.41,63.2,49.22
9/15/2008,42.08,62.79,50.11
9/12/2008,43.43,67.18,47.09
9/11/2008,43.6,66.92,46.92
9/10/2008,42.8,64.32,49.06
9/9/2008,42.45,63.74,49.52
9/8/2008,43.37,66.23,47.87
9/5/2008,43.45,66.99,47.3
9/4/2008,43.66,67.22,46.99
9/3/2008,45.12,71.85,44.3
9/2/2008,45.55,73.19,43.4
8/29/2008,46.12,75.08,42.31
8/28/2008,47.11,77.51,40.98
8/27/2008,46.73,77.09,41.3
8/26/2008,46.43,76.33,41.67
8/25/2008,46.49,76.64,41.55
8/22/2008,47.49,79.6,40.08
8/21/2008,46.87,77.42,41.1
8/20/2008,47.09,78.35,40.68
8/19/2008,47.01,78.8,40.5
8/18/2008,47.6,80.82,39.58
8/15/2008,48.16,82.61,38.63
8/14/2008,48.25,82.56,38.64
8/13/2008,47.7,80.63,39.62
8/12/2008,47.8,81.02,39.57
8/11/2008,47.75,80.7,39.66
8/8/2008,47.32,79.21,40.42
8/7/2008,46.27,76.22,42.03
8/6/2008,46.63,77.02,41.67
8/5/2008,45.93,74.78,42.94
8/4/2008,44.43,70.45,45.83
8/1/2008,44.88,71.89,44.78
7/31/2008,45.46,73.67,43.94
7/30/2008,45.57,73.92,43.71
7/29/2008,45.34,72.67,44.34
7/28/2008,44.42,70.56,45.72
7/25/2008,45.27,72.77,44.61
7/24/2008,44.69,70.87,45.76
7/23/2008,45.37,73.38,44.27
7/22/2008,44.78,71.74,45.51
7/21/2008,44.78,71.8,45.35
7/18/2008,44.59,71.74,45.22
7/17/2008,45.64,72.66,44.68
7/16/2008,45.34,72.97,44.52
7/15/2008,44.24,69.64,46.96
7/14/2008,44.23,69.94,46.55
7/11/2008,44.56,70.97,45.82
7/10/2008,45.28,73.23,44.76
7/9/2008,44.75,71.99,45.3
7/8/2008,45.97,74.84,43.71
7/7/2008,44.9,72.28,45.41
7/3/2008,44.63,71.2,46.22
7/2/2008,44.71,71.58,45.78
7/1/2008,45.81,75.27,43.72
6/30/2008,45.17,73.35,44.83
6/27/2008,45.65,75.07,43.86
6/26/2008,45.65,74.86,43.9
6/25/2008,47.57,80.56,41.18
6/24/2008,46.81,78.86,42.08
6/23/2008,47.05,79.39,41.87
6/20/2008,47.42,81.2,40.98
6/19/2008,48.77,85.4,39
6/18/2008,48.02,83.05,40.25
6/17/2008,48.54,84.93,39.38
6/16/2008,48.8,85.35,39.18
6/13/2008,48.37,84.14,39.79
6/12/2008,47.42,81.1,41.32
6/11/2008,47.37,80.95,41.36
6/10/2008,48.54,84.84,39.55
6/9/2008,48.77,85.96,39.06
6/6/2008,49.03,86.13,38.78
6/5/2008,50.55,92.24,36.46
6/4/2008,49.76,88.88,37.85
6/3/2008,49.13,87.39,38.75
6/2/2008,49.4,88.47,38.2
5/30/2008,50.01,90.5,37.44
5/29/2008,49.69,89.47,37.77
5/28/2008,49.25,87.87,38.51
5/27/2008,49.05,86.86,38.98
5/23/2008,48.2,84.02,40.33
5/22/2008,48.35,84.3,40.08
5/21/2008,48.18,84.47,40.22
5/20/2008,49.27,88.09,38.43
5/19/2008,49.65,89.72,37.76
5/16/2008,50.01,90.6,37.44
5/15/2008,49.97,90.6,37.47
5/14/2008,49.11,87.19,39
5/13/2008,49.22,87.92,38.63
5/12/2008,49.09,87.41,38.91
5/9/2008,48.21,84.26,40.33
5/8/2008,48.4,84.31,40.24
5/7/2008,48.04,84.2,40.52
5/6/2008,48.93,87.61,39.05
5/5/2008,48.63,85.73,39.67
5/2/2008,48.77,86.85,39.21
5/1/2008,48.7,85.91,39.61
4/30/2008,47.21,80.85,42.26
4/29/2008,47.6,82.08,41.6
4/28/2008,47.24,81.08,42.19
4/25/2008,47.15,80.8,42.48
4/24/2008,47.27,80.72,42.47
4/23/2008,46.85,79.64,43.13
4/22/2008,46.34,78.8,43.67
4/21/2008,47.04,80.35,42.67
4/18/2008,46.71,79.29,43.22
4/17/2008,45.27,76.25,45.15
4/16/2008,45.37,76.09,45.03
4/15/2008,44.14,70.85,48.87
4/14/2008,44.08,70.75,48.76
4/11/2008,44.28,71.79,48.27
4/10/2008,45.54,75.86,45.65
4/9/2008,44.9,74.1,46.85
4/8/2008,45.41,75.75,45.87
4/7/2008,45.76,76.43,45.32
4/4/2008,45.86,76.86,45.19
4/3/2008,45.59,76.48,45.29
4/2/2008,45.49,76.35,45.48
4/1/2008,45.59,75.83,45.81
3/31/2008,43.72,69.95,49.7
3/28/2008,43.49,69.65,49.96
3/27/2008,43.71,70.72,49.55
3/26/2008,44.7,72.2,48.4
3/25/2008,44.83,73.65,47.58
3/24/2008,44.58,73.1,48.16
3/20/2008,43.09,67.56,52.49
3/19/2008,42.26,65.7,54
3/18/2008,43.33,69.15,51.36
3/17/2008,41.48,63.64,56.21
3/14/2008,42.25,65.32,54.65
3/13/2008,43.04,68.06,52.68
3/12/2008,42.71,66.98,53.38
3/11/2008,42.83,68.31,52.35
3/10/2008,41.26,62.63,57.63
3/7/2008,42.07,65.23,55.47
3/6/2008,42.17,65.58,55.22
3/5/2008,43.12,69.1,52.69
3/4/2008,42.91,67.8,53.25
3/3/2008,42.67,67.25,53.8
2/29/2008,42.95,68.74,52.66
2/28/2008,44.12,70.85,50.97
2/27/2008,44.29,72.41,50.23
2/26/2008,44.07,71.95,50.25
2/25/2008,43.9,71.29,50.97
2/22/2008,43.68,71,51.26
2/21/2008,43.52,70.38,51.45
2/20/2008,43.94,71.47,50.67
2/19/2008,43.74,70.82,51.48
2/15/2008,43.82,71.5,50.85
2/14/2008,43.97,71.76,50.53
2/13/2008,44.78,74.1,49
2/12/2008,43.82,71.55,50.99
2/11/2008,44.07,72.08,50.69
2/8/2008,43.6,70.5,51.78
2/7/2008,43.11,69.6,52.25
2/6/2008,42.81,68.2,53.64
2/5/2008,43.67,71.23,51.25
2/4/2008,44.95,74.79,49.09
2/1/2008,45.59,77.5,47.02
1/31/2008,45.13,75.05,48.97
1/30/2008,44.37,73.35,50.21
1/29/2008,44.41,73.44,50.09
1/28/2008,44.33,73.1,50.02
1/25/2008,43.99,72,51.12
1/24/2008,44.91,75.3,48.76
1/23/2008,44.01,73.17,50.4
1/22/2008,44.18,72.53,50.7
1/18/2008,45.35,76.7,48.12
1/17/2008,45.41,77.12,48.02
1/16/2008,46.05,79.3,46.6
1/15/2008,46.55,81.7,46.5
1/14/2008,47.87,85.61,43.39
1/11/2008,47.05,83.43,44.7
1/10/2008,47.99,85.8,43.38
1/9/2008,47.92,85.75,43.45
1/8/2008,46.92,83.09,44.88
1/7/2008,48.17,87.1,42.75
1/4/2008,48.4,88.24,42.4
1/3/2008,50.62,96.6,38.9
1/2/2008,50.41,96.05,39.1
12/31/2007,51.22,99.22,37.98
12/28/2007,51.82,101.07,37.22
12/27/2007,51.87,101.35,37.07
12/26/2007,52.5,104.25,36.1
12/24/2007,52.24,103.2,36.44
12/21/2007,51.85,102,36.95
12/20/2007,50.9,98.58,38.22
12/19/2007,49.88,99.75,40.36
12/18/2007,49.89,98.84,40.67
12/17/2007,49.73,98.66,40.64
12/14/2007,50.97,103.4,38.92
12/13/2007,51.5,105.01,38.17
12/12/2007,51.78,106.58,37.69
12/11/2007,51.32,105.17,38.36
12/10/2007,52.54,109.91,36.63
12/7/2007,52.33,109.27,36.83
12/6/2007,52.32,108.54,37.14
12/5/2007,51.58,106.17,37.92
12/4/2007,50.67,102.54,39.43
12/3/2007,50.88,103.53,39.1
11/30/2007,51.31,105.46,38.22
11/29/2007,51.7,106.25,37.95
11/28/2007,51.48,105.45,38.15
11/27/2007,49.96,99.48,40.82
11/26/2007,48.98,96.5,42.15
11/23/2007,49.84,99.16,40.82
11/21/2007,49.31,96.8,41.88
11/20/2007,49.9,99.86,40.7
11/19/2007,49.7,99.12,41.06
11/16/2007,50.28,101.71,39.9
11/15/2007,49.82,99.75,40.8
11/14/2007,50.09,101.67,40.03
11/13/2007,50.74,103.07,39.7
11/12/2007,48.73,95.35,42.9
11/9/2007,50,100.63,40.82
11/8/2007,51.73,106.7,38.48
11/7/2007,53.35,114.91,36
11/6/2007,54.68,120.55,34.43
11/5/2007,54.07,118.6,35
11/2/2007,54.42,120.06,34.7
11/1/2007,54,118.8,34.98
10/31/2007,55.03,122.47,34.04
10/30/2007,54.26,118.75,35
10/29/2007,54.15,118.73,35.13
10/26/2007,53.93,117.58,35.26
10/25/2007,53.05,116.12,35.79
10/24/2007,53.77,117.45,35.5
10/23/2007,54.18,118.18,35.27
10/22/2007,53.07,114.22,36.65
10/19/2007,52.44,111.86,37.4
10/18/2007,53.78,117.48,35.7
10/17/2007,53.55,116.69,35.86
10/16/2007,52.87,114.25,36.68
10/15/2007,53.12,114.78,36.49
10/12/2007,53.53,116.73,35.78
10/11/2007,52.66,113.45,37.08
10/10/2007,53.51,116.85,36.13
10/9/2007,53.38,116.2,35.95
10/8/2007,53.15,114.9,36.48
10/5/2007,52.82,114.04,36.81
10/4/2007,51.77,109,38.4
10/3/2007,51.65,108.5,38.6
10/2/2007,52.01,110.2,38.14
10/1/2007,52,109.95,37.92
9/28/2007,51.41,108.1,38.75
9/27/2007,51.58,108.75,38.61
9/26/2007,51.32,107.34,38.99
9/25/2007,51.07,106.39,39.03
9/24/2007,50.59,104.57,40.77
9/21/2007,50.36,103.45,40.94
9/20/2007,50.03,102.21,41.67
9/19/2007,50.17,102.87,41.39
9/18/2007,50.04,102.26,41.52
9/17/2007,48.81,97.19,43.97
9/14/2007,49.22,98.85,43
9/13/2007,49.18,98.86,43.09
9/12/2007,48.94,98.43,43.34
9/11/2007,48.93,98,43.4
9/10/2007,48.2,95.58,44.46
9/7/2007,48.23,95.73,44.55
9/6/2007,49.14,99,43.02
9/5/2007,49.18,99.26,43.19
9/4/2007,49.68,101.35,41.9
8/31/2007,48.87,97.93,43.5
8/30/2007,48.33,96.25,44.15
8/29/2007,48.08,94.79,44.92
8/28/2007,46.74,89.85,47.55
8/27/2007,47.88,93.87,45.64
8/24/2007,48.2,95.75,44.7
8/23/2007,47.53,93,46.13
8/22/2007,47.66,93.38,45.83
8/21/2007,47.02,91.25,46.95
8/20/2007,46.53,88.75,48.05
8/17/2007,46.31,88.18,48.5
8/16/2007,45.45,85.15,50.1
8/15/2007,45.9,87.15,49.37
8/14/2007,46.79,90.5,47.25
8/13/2007,47.6,93.48,46.19
8/10/2007,47.28,92.28,46.67
8/9/2007,47.71,94.05,46
8/8/2007,48.84,98.99,43.35
8/7/2007,48.31,96.17,44.94
8/6/2007,47.97,95,45.34
8/3/2007,47.42,93.17,46.55
8/2/2007,48.34,97.02,44.61
8/1/2007,47.9,92.92,45.45
7/31/2007,47.53,94,46.17
7/30/2007,48.55,98.18,44.02
7/27/2007,47.99,95.49,45.23
7/26/2007,48.98,99.45,43.74
7/25/2007,49.4,101.7,42.82
7/24/2007,49.33,101.56,42.71
7/23/2007,50.07,104.4,41.48
7/20/2007,50.05,104.57,41.61
7/19/2007,50.32,105.46,41.08
7/18/2007,50.17,105,41.43
7/17/2007,50.23,104.89,41.11
7/16/2007,49.85,103.85,41.75
7/13/2007,49.9,103.96,41.8
7/12/2007,49.56,102.45,42.34
7/11/2007,48.81,99.87,43.51
7/10/2007,48.48,98.21,44.21
7/9/2007,48.89,99.84,43.57
7/6/2007,48.86,99.75,43.51
7/5/2007,48.66,98.56,43.94
7/3/2007,48.31,97.45,44.51
7/2/2007,48.03,96.34,45.05
6/29/2007,47.6,95.13,45.61
6/28/2007,47.52,94.54,45.92
6/27/2007,47.54,94.3,45.81
6/26/2007,46.82,92.2,47.32
6/25/2007,47.09,93.25,47.16
6/22/2007,47.29,93.71,46.55
6/21/2007,47.74,95.58,45.74
6/20/2007,47.31,93.82,46.59
6/19/2007,47.76,95.53,45.76
6/18/2007,47.77,95.65,45.74
6/15/2007,47.76,95.75,45.69
6/14/2007,47.36,93.98,46.43
6/13/2007,47.05,92.35,47.15
6/12/2007,46.54,90.56,48.06
6/11/2007,46.82,91.8,47.59
6/8/2007,46.91,92.17,47.4
6/7/2007,46.34,89.76,48.61
6/6/2007,47.07,92.86,47.08
6/5/2007,47.58,95.03,46.05
6/4/2007,47.58,94.9,45.96
6/1/2007,47.44,94.63,46.29
5/31/2007,47.41,94.71,46.11
5/30/2007,47.19,93.53,46.65
5/29/2007,46.81,91.9,47.53
5/25/2007,46.45,90.74,48.15
5/24/2007,46.16,89.78,48.62
5/23/2007,46.83,92.39,47.35
5/22/2007,47.05,93.21,46.81
5/21/2007,47.01,93.1,46.99
5/18/2007,46.71,91.82,47.56
5/17/2007,46.33,90.34,48.37
5/16/2007,46.55,91.32,47.83
5/15/2007,46.1,89.65,48.77
5/14/2007,46.46,90.96,47.93
5/11/2007,46.78,92.29,47.26
5/10/2007,46.19,90.17,48.53
5/9/2007,46.83,92.49,47.22
5/8/2007,46.73,91.81,47.6
5/7/2007,46.63,91.86,47.57
5/4/2007,46.63,92.07,47.43
5/3/2007,46.59,91.85,47.5
5/2/2007,46.42,91.15,47.94
5/1/2007,46.11,90,48.67
4/30/2007,45.96,89.45,48.95
4/27/2007,46.57,91.85,47.55
4/26/2007,46.55,91.75,47.43
4/25/2007,46.31,90.8,48.13
4/24/2007,45.7,88.26,49.45
4/23/2007,45.47,87.56,49.78
4/20/2007,45.4,87.52,49.95
4/19/2007,45.15,86.22,50.45
4/18/2007,45.01,86.15,50.65
4/17/2007,45.16,86.48,50.37
4/16/2007,45.06,86.13,50.6
4/13/2007,44.65,84.65,51.45
4/12/2007,44.56,84.35,51.66
4/11/2007,44.21,82.91,52.58
4/10/2007,44.68,84.64,51.6
4/9/2007,44.45,83.99,51.97
4/5/2007,44.56,84.4,51.55
4/4/2007,44.34,83.5,52.12
4/3/2007,44.16,83.01,52.35
4/2/2007,43.59,80.68,53.86
3/30/2007,43.53,80.98,53.71
3/29/2007,43.57,80.7,53.88
3/28/2007,43.52,80.8,53.8
3/27/2007,43.99,82.51,52.6
3/26/2007,44.3,83.41,52.5
3/23/2007,44.12,82.77,52.77
3/22/2007,44.26,83.5,52.52
3/21/2007,44.42,84,52.11
3/20/2007,43.58,81,54.22
3/19/2007,43.27,79.93,54.9
3/16/2007,42.83,78.35,55.92
3/15/2007,42.89,78.64,55.8
3/14/2007,42.99,78.86,55.51
3/13/2007,42.37,76.73,57.23
3/12/2007,43.21,79.75,55.05
3/9/2007,42.93,79.02,55.45
3/8/2007,42.97,79.3,55.31
3/7/2007,42.68,77.85,56.28
3/6/2007,42.85,78.57,55.77
3/5/2007,42.15,75.8,57.88
3/2/2007,42.48,76.86,57
3/1/2007,43.13,79.65,55.09
2/28/2007,43.33,80.49,54.53
2/27/2007,43.19,78.8,55.46
2/26/2007,45.04,87.2,50.65
2/23/2007,45.26,88,50.25
2/22/2007,45.42,88.8,49.69
2/21/2007,45.19,87.87,50.15
2/20/2007,45.05,87.3,50.54
2/16/2007,44.71,86.3,51.02
2/15/2007,44.86,86.59,50.95
2/14/2007,44.6,85.68,51.42
2/13/2007,43.86,83.19,53
2/12/2007,43.71,82.29,53.5
2/9/2007,43.88,82.95,53.18
2/8/2007,44.45,85.62,51.53
2/7/2007,44.46,85.59,51.6
2/6/2007,44.06,83.6,52.8
2/5/2007,44.12,83.98,52.51
2/2/2007,44.16,84.27,52.52
2/1/2007,44,83.55,52.68
1/31/2007,44.07,83.45,52.47
1/30/2007,43.63,82.43,53.43
1/29/2007,43.61,82.21,53.72
1/26/2007,43.57,81.73,53.74
1/25/2007,43.73,82.3,53.22
1/24/2007,44.3,84.6,51.97
1/23/2007,43.58,82.11,53.56
1/22/2007,43.69,82.5,53.33
1/19/2007,44.17,84.15,52.4
1/18/2007,44.08,83.9,52.46
1/17/2007,44.91,87.48,50.54
1/16/2007,45.28,89.1,49.73
1/12/2007,45.31,89.1,49.35
1/11/2007,45.08,88.2,50
1/10/2007,44.62,86.75,50.93
1/9/2007,44.1,84.54,52.26
1/8/2007,43.88,83.52,52.8
1/5/2007,43.85,83,53
1/4/2007,44.06,84.22,52.28
1/3/2007,43.24,81.3,54.45
12/29/2006,43.16,81.04,54.45
12/28/2006,43.12,81.1,54.5
12/27/2006,43.33,81.79,53.9
12/26/2006,43.11,81,54.4
12/22/2006,42.93,80.6,54.62
12/21/2006,43.38,82.15,53.69
12/20/2006,43.69,83.3,52.95
12/19/2006,43.85,89.3,53
12/18/2006,43.99,89.65,52.72
12/15/2006,44.43,91.75,51.6
12/14/2006,44.37,91.15,51.91
12/13/2006,43.88,89.25,52.97
12/12/2006,43.8,89.02,53.12
12/11/2006,44.06,90.2,52.54
12/8/2006,43.9,89.5,52.88
12/7/2006,43.7,88.6,53.45
12/6/2006,44.26,90.82,52.1
12/5/2006,44.42,91.49,51.74
12/4/2006,44.26,91.05,51.7
12/1/2006,43.66,88.82,53.3
11/30/2006,44.04,90.02,52.48
11/29/2006,44.07,90.3,52.38
11/28/2006,43.77,88.85,53.09
11/27/2006,43.64,88.59,53.28
11/24/2006,44.65,92.77,51.14
11/22/2006,44.73,93.36,50.88
11/21/2006,44.45,92.2,51.4
11/20/2006,44.39,91.95,51.55
11/17/2006,44.3,91.6,51.77
11/16/2006,44.3,91.8,51.71
11/15/2006,44.11,90.87,52.07
11/14/2006,43.93,90.3,52.41
11/13/2006,43.47,88.05,53.65
11/10/2006,43.03,86.65,54.7
11/9/2006,42.83,85.7,55.2
11/8/2006,43.03,86.91,54.28
11/7/2006,42.83,85.75,55.28
11/6/2006,42.54,84.05,56
11/3/2006,41.93,82.2,57.53
11/2/2006,42.04,82.68,57.49
11/1/2006,42,82.6,57.3
10/31/2006,42.58,84.9,55.77
10/30/2006,42.48,84.4,56.1
10/27/2006,42.21,83.42,56.55
10/26/2006,42.82,85.85,55.14
10/25/2006,42.43,84.5,56.1
10/24/2006,42.14,83.48,56.74
10/23/2006,42.43,84.28,56.23
10/20/2006,42,82.8,57.3
10/19/2006,41.9,82.6,57.09
10/18/2006,41.8,81.9,57.71
10/17/2006,42,83.05,57.35
10/16/2006,42.47,84.7,55.83
10/13/2006,42.43,84.54,55.9
10/12/2006,42.2,83.9,56.45
10/11/2006,41.54,81.2,58.2
10/10/2006,41.62,81.5,58.28
10/9/2006,41.55,81.05,58.3
10/6/2006,41.41,80.65,58.46
10/5/2006,41.5,81.1,58.3
10/4/2006,41.3,80.05,59
10/3/2006,40.31,76.54,61.9
10/2/2006,40.14,76,62.4
9/29/2006,40.65,77.9,60.8
9/28/2006,40.83,78.5,60.3
9/27/2006,40.72,78.04,60.5
9/26/2006,40.77,78.44,60.5
9/25/2006,40.57,77.8,60.99
9/22/2006,39.87,75.03,62.95
9/21/2006,40.18,76.35,62.13
9/20/2006,40.43,77.35,61.25
9/19/2006,39.85,75.12,63.1
9/18/2006,40.12,76.04,62.07
9/15/2006,40.11,76.1,62.34
9/14/2006,39.99,75.37,62.56
9/13/2006,39.95,75.45,62.9
9/12/2006,39.68,74.59,63.65
9/11/2006,38.96,71.8,66.14
9/8/2006,38.72,70.85,66.88
9/7/2006,38.49,70.15,67.69
9/6/2006,38.67,70.78,66.86
9/5/2006,39.46,73.65,64.43
9/1/2006,39.08,72.35,65.57
8/31/2006,38.87,71.7,66.29
8/30/2006,38.91,71.78,66.35
8/29/2006,38.73,71.15,66.7
8/28/2006,38.61,70.7,67
8/25/2006,38.32,69.7,68.01
8/24/2006,38.25,69.43,68.16
8/23/2006,38.14,68.9,68.85
8/22/2006,38.43,70.08,67.52
8/21/2006,38.42,69.9,67.5
8/18/2006,38.79,71.2,66.2
8/17/2006,38.73,71.3,66.5
8/16/2006,38.59,70.85,67
8/15/2006,37.7,67.63,70.25
8/14/2006,36.77,64.28,73.85
8/11/2006,36.53,63.7,74.62
8/10/2006,36.79,64.33,73.75
8/9/2006,36.53,63.52,74.86
8/8/2006,36.48,63.55,74.92
8/7/2006,36.71,64.36,73.7
8/4/2006,36.95,65.15,72.8
8/3/2006,37.12,65.75,72.25
8/2/2006,36.89,64.67,73.2
8/1/2006,36.48,63.5,74.7
7/31/2006,37.1,65.75,72.1
7/28/2006,37.11,65.88,72.35
7/27/2006,36.35,63.35,75.4
7/26/2006,36.59,64,74.36
7/25/2006,36.62,63.87,74
7/24/2006,36.41,63.25,74.9
7/21/2006,35.7,61,77.9
7/20/2006,36.08,62.41,76.65
7/19/2006,36.62,64.16,74.4
7/18/2006,36.15,62.8,76
7/17/2006,36.03,62.45,76.5
7/14/2006,35.94,62.15,76.95
7/13/2006,36.31,63.45,75.13
7/12/2006,36.93,65.54,
7/11/2006,37.64,68.24,
7/10/2006,37.36,67.14,
7/7/2006,37.69,68.27,
7/6/2006,38.11,69.8
7/5/2006,38.15,70.21
7/3/2006,39,73.09
6/30/2006,38.77,72.25
6/29/2006,38.96,72.95
6/28/2006,37.81,68.79
6/27/2006,37.53,67.96
6/26/2006,38.25,70.6
6/23/2006,38.15,70.34
6/22/2006,38.19,70.55
6/21/2006,38.68,
6/20/2006,38.08,
6/19/2006,38.03,
6/16/2006,38.34,
6/15/2006,38.65,
6/14/2006,37.63,
6/13/2006,37.25
6/12/2006,37.4
6/9/2006,38.15
6/8/2006,38.4
6/7/2006,38.46
6/6/2006,38.75
6/5/2006,38.78
6/2/2006,39.64
6/1/2006,39.74
5/31/2006,38.82
5/30/2006,38.64
5/26/2006,39.49
5/25/2006,39.36
5/24/2006,38.85
5/23/2006,38.59
5/22/2006,38.97
5/19/2006,39.35
5/18/2006,39.05
5/17/2006,39.32
5/16/2006,39.86
5/15/2006,40.16
5/12/2006,40.19
5/11/2006,40.74
5/10/2006,41.67
5/9/2006,42.04
5/8/2006,42.2
5/5/2006,42.16
5/4/2006,41.83
5/3/2006,41.49
5/2/2006,41.55
5/1/2006,41.44
4/28/2006,41.85
4/27/2006,42.26
4/26/2006,41.86
4/25/2006,41.87
4/24/2006,41.96
4/21/2006,42
4/20/2006,42.5
4/19/2006,42.65
4/18/2006,42.46
4/17/2006,41.66
4/13/2006,42.1
4/12/2006,41.93
4/11/2006,41.92
4/10/2006,42.26
4/7/2006,42.32
4/6/2006,42.73
4/5/2006,42.61
4/4/2006,42.21
4/3/2006,41.98
3/31/2006,41.93
3/30/2006,42.05
3/29/2006,41.92
3/28/2006,41.14
3/27/2006,41.31
3/24/2006,41.3
3/23/2006,41.09
3/22/2006,41.21
3/21/2006,41.11
3/20/2006,41.55
3/17/2006,41.45
3/16/2006,41.37
3/15/2006,41.72
3/14/2006,41.37
3/13/2006,40.68
3/10/2006,40.56
3/9/2006,40.52
3/8/2006,40.87
3/7/2006,40.85
3/6/2006,41.09
3/3/2006,41.45
3/2/2006,41.69
3/1/2006,41.66
2/28/2006,41.1
2/27/2006,41.72
2/24/2006,41.26
2/23/2006,41.15
2/22/2006,41.26
2/21/2006,40.75
2/17/2006,41.21
2/16/2006,41.54
2/15/2006,41.16
2/14/2006,40.9
2/13/2006,40.49
2/10/2006,40.96
2/9/2006,40.71
2/8/2006,41.1
2/7/2006,40.63
2/6/2006,40.81
2/3/2006,40.92
2/2/2006,41.43
2/1/2006,42.15
1/31/2006,42
1/30/2006,42.19
1/27/2006,42.11
1/26/2006,41.55
1/25/2006,41.26
1/24/2006,41.44
1/23/2006,41.26
1/20/2006,41.25
1/19/2006,42.52
1/18/2006,42.21
1/17/2006,42.7
1/13/2006,42.98
1/12/2006,43
1/11/2006,43.21
1/10/2006,42.88
1/9/2006,42.85
1/6/2006,42.68
1/5/2006,41.92
1/4/2006,41.74
1/3/2006,41.31
12/30/2005,40.41
12/29/2005,40.72
12/28/2005,40.99
12/27/2005,41.04
12/23/2005,41.4
12/22/2005,41.4
12/21/2005,41.13
12/20/2005,40.95
12/19/2005,40.92
12/16/2005,41.58
12/15/2005,41.97
12/14/2005,41.9
12/13/2005,42.04
12/12/2005,41.87
12/9/2005,41.72
12/8/2005,41.56
12/7/2005,41.86
12/6/2005,41.94
12/5/2005,41.8
12/2/2005,42.11
12/1/2005,42.01
11/30/2005,41.24
11/29/2005,41.34
11/28/2005,41.54
11/25/2005,41.89
11/23/2005,41.8
11/22/2005,41.7
11/21/2005,41.55
11/18/2005,41.45
11/17/2005,41.31
11/16/2005,40.77
11/15/2005,40.52
11/14/2005,40.71
11/11/2005,40.71
11/10/2005,40.6
11/9/2005,40.16
11/8/2005,40.14
11/7/2005,40.13
11/4/2005,40.08
11/3/2005,39.94
11/2/2005,39.35
11/1/2005,38.84
10/31/2005,38.87
10/28/2005,38.32
10/27/2005,38.03
10/26/2005,38.81
10/25/2005,39.01
10/24/2005,39.16
10/21/2005,38.55
10/20/2005,38.31
10/19/2005,38.67
10/18/2005,37.91
10/17/2005,38.18
10/14/2005,38.06
10/13/2005,37.78
10/12/2005,37.49
10/11/2005,37.94
10/10/2005,38.13
10/7/2005,38.34
10/6/2005,38.25
10/5/2005,38.76
10/4/2005,39.3
10/3/2005,39.56
9/30/2005,39.46
9/29/2005,39.2
9/28/2005,38.68
9/27/2005,38.67
9/26/2005,38.76
9/23/2005,38.75
9/22/2005,38.64
9/21/2005,38.5
9/20/2005,38.93
9/19/2005,39.09
9/16/2005,39.4
9/15/2005,39.16
9/14/2005,39.18
9/13/2005,39.63
9/12/2005,39.73
9/9/2005,39.62
9/8/2005,39.4
9/7/2005,39.41
9/6/2005,39.34
9/2/2005,38.77
9/1/2005,38.92
8/31/2005,38.98
8/30/2005,38.62
8/29/2005,38.76
8/26/2005,38.46
8/25/2005,38.59
8/24/2005,38.5
8/23/2005,38.73
8/22/2005,38.84
8/19/2005,38.82
8/18/2005,38.84
8/17/2005,39.04
8/16/2005,38.81
8/15/2005,39.45
8/12/2005,39.21
8/11/2005,39.43
8/10/2005,39.11
8/9/2005,39.45
8/8/2005,39.19
8/5/2005,39.48
8/4/2005,39.67
8/3/2005,40.06
8/2/2005,40.08
8/1/2005,39.65
7/29/2005,39.58
7/28/2005,39.91
7/27/2005,39.72
7/26/2005,39.42
7/25/2005,39.27
7/22/2005,39.42
7/21/2005,39.47
7/20/2005,39.46
7/19/2005,39.18
7/18/2005,38.73
7/15/2005,38.89
7/14/2005,38.77
7/13/2005,38.39
7/12/2005,38.3
7/11/2005,38.12
7/8/2005,37.77
7/7/2005,37.06
7/6/2005,36.93
7/5/2005,37.11
7/1/2005,36.73
6/30/2005,36.78
6/29/2005,37.07
6/28/2005,37.15
6/27/2005,36.8
6/24/2005,36.97
6/23/2005,37.39
6/22/2005,37.81
6/21/2005,37.85
6/20/2005,37.87
6/17/2005,37.87
6/16/2005,37.9
6/15/2005,37.7
6/14/2005,37.58
6/13/2005,37.73
6/10/2005,37.55
6/9/2005,37.95
6/8/2005,37.71
6/7/2005,37.79
6/6/2005,38.11
6/3/2005,38.1
6/2/2005,38.66
6/1/2005,38.39
5/31/2005,38.08
5/27/2005,38.21
5/26/2005,38.19
5/25/2005,37.81
5/24/2005,37.97
5/23/2005,37.85
5/20/2005,37.66
5/19/2005,37.51
5/18/2005,37.2
5/17/2005,36.7
5/16/2005,36.48
5/13/2005,36.24
5/12/2005,35.85
5/11/2005,35.95
5/10/2005,35.77
5/9/2005,36.03
5/6/2005,35.86
5/5/2005,35.76
5/4/2005,35.73
5/3/2005,35.3
5/2/2005,35.12
4/29/2005,34.98
4/28/2005,34.75
4/27/2005,35.1
4/26/2005,35.05
4/25/2005,35.38
4/22/2005,35.09
4/21/2005,35.62
4/20/2005,34.7
4/19/2005,34.99
4/18/2005,34.75
4/15/2005,34.74
4/14/2005,35.55
4/13/2005,36.06
4/12/2005,36.66
4/11/2005,36.48
4/8/2005,36.64
4/7/2005,36.94
4/6/2005,36.5
4/5/2005,36.56
4/4/2005,36.46
4/1/2005,36.2
3/31/2005,36.57
3/30/2005,36.73
3/29/2005,36.05
3/28/2005,36.34
3/24/2005,36.27
3/23/2005,36.26
3/22/2005,36.13
3/21/2005,36.58
3/18/2005,36.51
3/17/2005,36.71
3/16/2005,36.62
3/15/2005,37.04
3/14/2005,37.34
3/11/2005,37.17
3/10/2005,37.52
3/9/2005,37.57
3/8/2005,37.68
3/7/2005,38.06
3/4/2005,37.52
3/3/2005,37.3
3/2/2005,37.61
3/1/2005,37.63
2/28/2005,37.22
2/25/2005,37.62
2/24/2005,37.41
2/23/2005,36.94
2/22/2005,36.89
2/18/2005,37.35
2/17/2005,37.47
2/16/2005,37.98
2/15/2005,38.12
2/14/2005,37.87
2/11/2005,37.7
2/10/2005,37.15
2/9/2005,37.11
2/8/2005,37.74
2/7/2005,37.67
2/4/2005,37.75
2/3/2005,37.15
2/2/2005,37.58
2/1/2005,37.52
1/31/2005,37.4
1/28/2005,36.92
1/27/2005,37.1
1/26/2005,37.15
1/25/2005,36.71
1/24/2005,36.53
1/21/2005,37.05
1/20/2005,37.35
1/19/2005,38.08
1/18/2005,38.72
1/14/2005,38.43
1/13/2005,38.07
1/12/2005,38.58
1/11/2005,38.26
1/10/2005,38.53
1/7/2005,38.55
1/6/2005,38.35
1/5/2005,38.54
1/4/2005,38.78
1/3/2005,39.5
12/31/2004,39.92
12/30/2004,39.99
12/29/2004,40.02
12/28/2004,39.97
12/27/2004,39.59
12/23/2004,39.76
12/22/2004,39.73
12/21/2004,39.68
12/20/2004,39.2
12/17/2004,39.47
12/16/2004,39.95
12/15/2004,40.33
12/14/2004,40.48
12/13/2004,40.28
12/10/2004,39.93
12/9/2004,40.05
12/8/2004,39.81
12/7/2004,39.58
12/6/2004,40.27
12/3/2004,40.13
12/2/2004,40.07
12/1/2004,39.92
11/30/2004,39.12
11/29/2004,39.2
11/26/2004,39.21
11/24/2004,39.33
11/23/2004,38.99
11/22/2004,39.05
11/19/2004,38.68
11/18/2004,39.29
11/17/2004,39.11
11/16/2004,38.59
11/15/2004,38.83
11/12/2004,38.66
11/11/2004,38.29
11/10/2004,37.79
11/9/2004,37.92
11/8/2004,38
11/5/2004,37.96
11/4/2004,37.62
11/3/2004,37.41
11/2/2004,37.16
11/1/2004,37.04
10/29/2004,36.9
10/28/2004,36.96
10/27/2004,36.73
10/26/2004,35.82
10/25/2004,35.63
10/22/2004,35.8
10/21/2004,36.6
10/20/2004,36.05
10/19/2004,35.88
10/18/2004,36.14
10/15/2004,35.63
10/14/2004,35.45
10/13/2004,35.61
10/12/2004,35.69
10/11/2004,35.75
10/8/2004,35.58
10/7/2004,36.24
10/6/2004,36.65
10/5/2004,36.36
10/4/2004,36.31
10/1/2004,36.1
9/30/2004,35.14
9/29/2004,35.08
9/28/2004,34.57
9/27/2004,34.5
9/24/2004,34.8
9/23/2004,34.92
9/22/2004,34.95
9/21/2004,35.57
9/20/2004,35.43
9/17/2004,35.43
9/16/2004,35.32
9/15/2004,35.25
9/14/2004,35.63
9/13/2004,35.58
9/10/2004,35.12
9/9/2004,34.59
9/8/2004,34.3
9/7/2004,34.43
9/3/2004,34.14
9/2/2004,34.78
9/1/2004,34.27
8/31/2004,34.02
8/30/2004,33.98
8/27/2004,34.56
8/26/2004,34.4
8/25/2004,34.55
8/24/2004,34.08
8/23/2004,34.09
8/20/2004,34.01
8/19/2004,33.67
8/18/2004,33.85
8/17/2004,33.26
8/16/2004,32.89
8/13/2004,32.52
8/12/2004,32.47
8/11/2004,32.92
8/10/2004,33.21
8/9/2004,32.8
8/6/2004,32.72
8/5/2004,33.6
8/4/2004,34.24
8/3/2004,34.23
8/2/2004,34.96
7/30/2004,34.89
7/29/2004,34.78
7/28/2004,34.38
7/27/2004,34.53
7/26/2004,34.06
7/23/2004,34.21
7/22/2004,34.87
7/21/2004,34.4
7/20/2004,35.43
7/19/2004,34.6
7/16/2004,34.67
7/15/2004,35.07
7/14/2004,35.19
7/13/2004,35.55
7/12/2004,35.6
7/9/2004,35.75
7/8/2004,35.7
7/7/2004,36.1
7/6/2004,36.03
7/2/2004,36.82
7/1/2004,37.04
6/30/2004,37.74
6/29/2004,37.37
6/28/2004,37.02
6/25/2004,37.33
6/24/2004,37.05
6/23/2004,37.12
6/22/2004,36.68
6/21/2004,36.15
6/18/2004,36.44
6/17/2004,36.39
6/16/2004,36.73
6/15/2004,36.79
6/14/2004,36.32
6/10/2004,36.84
6/9/2004,36.58
6/8/2004,37.1
6/7/2004,37.05
6/4/2004,36.19
6/3/2004,35.98
6/2/2004,36.42
6/1/2004,36.5
5/28/2004,36.55
5/27/2004,36.42
5/26/2004,36.19
5/25/2004,35.96
5/24/2004,35.26
5/21/2004,35.02
5/20/2004,34.85
5/19/2004,34.69
5/18/2004,34.73
5/17/2004,34.42
5/14/2004,34.75
5/13/2004,35.01
5/12/2004,35.26
5/11/2004,35.19
5/10/2004,34.67
5/7/2004,34.97
5/6/2004,35.26
5/5/2004,35.53
5/4/2004,35.25
5/3/2004,35.1
4/30/2004,34.77
4/29/2004,35.64
4/28/2004,36.2
4/27/2004,36.87
4/26/2004,36.94
4/23/2004,37.21
4/22/2004,36.92
4/21/2004,35.99
4/20/2004,35.68
4/19/2004,36.53
4/16/2004,36.09
4/15/2004,36.15
4/14/2004,36.81
4/13/2004,36.63
4/12/2004,37.17
4/8/2004,36.94
4/7/2004,36.94
4/6/2004,36.98
4/5/2004,37.45
4/2/2004,37.1
4/1/2004,36.16
3/31/2004,35.84
3/30/2004,35.91
3/29/2004,35.79
3/26/2004,35.22
3/25/2004,35.34
3/24/2004,34.42
3/23/2004,34.03
3/22/2004,34.31
3/19/2004,34.75
3/18/2004,35.34
3/17/2004,35.5
3/16/2004,34.95
3/15/2004,34.89
3/12/2004,35.51
3/11/2004,34.87
3/10/2004,35.19
3/9/2004,35.66
3/8/2004,35.77
3/5/2004,36.63
3/4/2004,36.76
3/3/2004,36.42
3/2/2004,36.62
3/1/2004,37.05
2/27/2004,36.57
2/26/2004,36.67
2/25/2004,36.58
2/24/2004,36.36
2/23/2004,36.45
2/20/2004,36.86
2/19/2004,36.98
2/18/2004,37.55
2/17/2004,37.44
2/13/2004,36.94
2/12/2004,37.25
2/11/2004,37.58
2/10/2004,37.18
2/9/2004,37.12
2/6/2004,37.13
2/5/2004,36.47
2/4/2004,36.33
2/3/2004,36.93
2/2/2004,36.97
1/30/2004,37.07
1/29/2004,37.24
1/28/2004,37.1
1/27/2004,37.74
1/26/2004,38.59
1/23/2004,38.01
1/22/2004,38.15
1/21/2004,38.38
1/20/2004,38.54
1/16/2004,38.57
1/15/2004,38.18
1/14/2004,38.08
1/13/2004,37.95
1/12/2004,38.33
1/9/2004,37.73
1/8/2004,37.98
1/7/2004,37.68
1/6/2004,37.34
1/5/2004,37.09
1/2/2004,36.36
12/31/2003,36.46
12/30/2003,36.56
12/29/2003,36.44
12/26/2003,35.85
12/24/2003,35.9
12/23/2003,35.84
12/22/2003,35.57
12/19/2003,35.46
12/18/2003,35.56
12/17/2003,34.91
12/16/2003,34.85
12/15/2003,34.78
12/12/2003,35.24
12/11/2003,35.3
12/10/2003,34.56
12/9/2003,34.43
12/8/2003,35.24
12/5/2003,35.04
12/4/2003,35.63
12/3/2003,35.25
12/2/2003,35.7
12/1/2003,35.9
11/28/2003,35.38
11/26/2003,35.34
11/25/2003,35.18
11/24/2003,35.18
11/21/2003,34.23
11/20/2003,33.88
11/19/2003,34.21
11/18/2003,33.88
11/17/2003,34.68
11/14/2003,35.04
11/13/2003,35.77
11/12/2003,35.81
11/11/2003,35.06
11/10/2003,35.19
11/7/2003,35.63
11/6/2003,35.94
11/5/2003,35.84
11/4/2003,35.52
11/3/2003,35.76
10/31/2003,35.18
10/30/2003,35.39
10/29/2003,35.32
10/28/2003,35.36
10/27/2003,34.21
10/24/2003,34.2
10/23/2003,34.17
10/22/2003,34.57
10/21/2003,35.25
10/20/2003,35.04
10/17/2003,34.61
10/16/2003,35.46
10/15/2003,35.18
10/14/2003,35.33
10/13/2003,35.24
10/10/2003,35.01
10/9/2003,34.69
10/8/2003,34.43
10/7/2003,34.65
10/6/2003,34.44
10/3/2003,34.19
10/2/2003,33.26
10/1/2003,33.15
9/30/2003,32.42
9/29/2003,33.14
9/26/2003,32.58
9/25/2003,32.79
9/24/2003,33.22
9/23/2003,34.52
9/22/2003,33.92
9/19/2003,34.58
9/18/2003,34.78
9/17/2003,34.26
9/16/2003,34.4
9/15/2003,33.49
9/12/2003,33.82
9/11/2003,33.64
9/10/2003,33.27
9/9/2003,34.09
9/8/2003,34.5
9/5/2003,33.94
9/4/2003,34.16
9/3/2003,33.85
9/2/2003,33.87
8/29/2003,33.39
8/28/2003,33.09
8/27/2003,32.8
8/26/2003,32.54
8/25/2003,32.51
8/22/2003,32.44
8/21/2003,32.64
8/20/2003,32.29
8/19/2003,32.37
8/18/2003,31.97
8/15/2003,31.17
8/14/2003,30.9
8/13/2003,30.87
8/12/2003,30.86
8/11/2003,30.4
8/8/2003,30.07
8/7/2003,30.31
8/6/2003,30.19
8/5/2003,30.21
8/4/2003,31.45
8/1/2003,31.46
7/31/2003,31.8
7/30/2003,31.42
7/29/2003,31.65
7/28/2003,31.89
7/25/2003,31.8
7/24/2003,31.18
7/23/2003,31.6
7/22/2003,31.34
7/21/2003,30.88
7/18/2003,31.28
7/17/2003,31.18
7/16/2003,32.16
7/15/2003,32.26
7/14/2003,32.22
7/11/2003,31.84
7/10/2003,31.6
7/9/2003,32.2
7/8/2003,32.28
7/7/2003,31.89
7/3/2003,30.58
7/2/2003,30.97
7/1/2003,30.35
6/30/2003,29.95
6/27/2003,29.83
6/26/2003,30.22
6/25/2003,29.52
6/24/2003,29.68
6/23/2003,29.91
6/20/2003,30.38
6/19/2003,30.42
6/18/2003,30.92
6/17/2003,30.76
6/16/2003,30.88
6/13/2003,29.96
6/12/2003,30.65
6/11/2003,30.52
6/10/2003,30.18
6/9/2003,29.73
6/6/2003,30.13
6/5/2003,30.64
6/4/2003,30.42
6/3/2003,29.86
6/2/2003,29.58
5/30/2003,29.79
5/29/2003,29.31
5/28/2003,29.19
5/27/2003,29.1
5/23/2003,28.1
5/22/2003,28.09
5/21/2003,27.69
5/20/2003,27.77
5/19/2003,27.69
5/16/2003,28.7
5/15/2003,28.92
5/14/2003,28.6
5/13/2003,28.66
5/12/2003,28.84
5/9/2003,28.41
5/8/2003,27.77
5/7/2003,28.29
5/6/2003,28.61
5/5/2003,28.25
5/2/2003,28.28
5/1/2003,27.69
4/30/2003,27.45
4/29/2003,27.73
4/28/2003,27.48
4/25/2003,26.95
4/24/2003,27.48
4/23/2003,27.63
4/22/2003,27.43
4/21/2003,26.92
4/17/2003,26.82
4/16/2003,26.22
4/15/2003,26.28
4/14/2003,26.03
4/11/2003,25.51
4/10/2003,25.77
4/9/2003,25.46
4/8/2003,26.06
4/7/2003,26.09
4/4/2003,26.05
4/3/2003,26.48
4/2/2003,26.15
4/1/2003,25.45
3/31/2003,25.25
3/28/2003,26.08
3/27/2003,26.37
3/26/2003,26.56
3/25/2003,26.41
3/24/2003,26.04
3/21/2003,27.17
3/20/2003,26.8
3/19/2003,26.7
3/18/2003,26.93
3/17/2003,26.6
3/14/2003,25.72
3/13/2003,25.62
3/12/2003,24.23
3/11/2003,23.8
3/10/2003,24.01
3/7/2003,24.54
3/6/2003,24.49
3/5/2003,24.55
3/4/2003,24.5
3/3/2003,24.65
2/28/2003,25.16
2/27/2003,24.77
2/26/2003,24.22
2/25/2003,24.77
2/24/2003,24.74
2/21/2003,25.17
2/20/2003,24.98
2/19/2003,25.08
2/18/2003,25.25
2/14/2003,24.49
2/13/2003,23.94
2/12/2003,23.82
2/11/2003,24.15
2/10/2003,24.02
2/7/2003,23.81
2/6/2003,24.21
2/5/2003,24.08
2/4/2003,24.19
2/3/2003,24.49
1/31/2003,24.44
1/30/2003,24.5
1/29/2003,25.15
1/28/2003,24.78
1/27/2003,24.53
1/24/2003,24.82
1/23/2003,25.51
1/22/2003,24.93
1/21/2003,25.03
1/17/2003,25.31
1/16/2003,26.44
1/15/2003,26.74
1/14/2003,27.08
1/13/2003,26.94
1/10/2003,27.1
1/9/2003,26.7
1/8/2003,25.9
1/7/2003,26.65
1/6/2003,26.32
1/3/2003,25.68
1/2/2003,25.4
12/31/2002,24.37
12/30/2002,24.63
12/27/2002,24.82
12/26/2002,25.28
12/24/2002,25.35
12/23/2002,25.67
12/20/2002,25.32
12/19/2002,25.06
12/18/2002,25.38
12/17/2002,25.93
12/16/2002,25.85
12/13/2002,25.04
12/12/2002,25.86
12/11/2002,25.72
12/10/2002,25.6
12/9/2002,25.22
12/6/2002,26.47
12/5/2002,26.2
12/4/2002,26.57
12/3/2002,27.17
12/2/2002,28
11/29/2002,27.72
11/27/2002,27.91
11/26/2002,27.05
11/25/2002,27.99
11/22/2002,27.72
11/21/2002,27.73
11/20/2002,26.74
11/19/2002,25.65
11/18/2002,26.05
11/15/2002,26.44
11/14/2002,26.1
11/13/2002,25.23
11/12/2002,24.93
11/11/2002,24.31
11/8/2002,25.07
11/7/2002,25.54
11/6/2002,26.47
11/5/2002,26.1
11/4/2002,25.9
11/1/2002,25.25
10/31/2002,24.55
10/30/2002,24.56
10/29/2002,23.92
10/28/2002,24.49
10/25/2002,24.7
10/24/2002,23.98
10/23/2002,24.6
10/22/2002,24.14
10/21/2002,24.29
10/18/2002,23.81
10/17/2002,23.55
10/16/2002,22.78
10/15/2002,23.56
10/14/2002,22.48
10/11/2002,22.22
10/10/2002,21.08
10/9/2002,20.06
10/8/2002,20.2
10/7/2002,20.16
10/4/2002,20.35
10/3/2002,20.74
10/2/2002,21.25
10/1/2002,21.98
9/30/2002,20.72
9/27/2002,21.31
9/26/2002,21.6
9/25/2002,21.87
9/24/2002,21.03
9/23/2002,21.02
9/20/2002,21.67
9/19/2002,21.58
9/18/2002,21.93
9/17/2002,22.18
9/16/2002,22.66
9/13/2002,22.99
9/12/2002,22.81
9/11/2002,23.45
9/10/2002,23.65
9/9/2002,23.08
9/6/2002,22.85
9/5/2002,22.17
9/4/2002,22.73
9/3/2002,22.64
8/30/2002,23.49
8/29/2002,23.79
8/28/2002,23.48
8/27/2002,24.37
8/26/2002,25.25
8/23/2002,25.15
8/22/2002,26.16
8/21/2002,25.75
8/20/2002,25.19
8/19/2002,25.3
8/16/2002,24.7
8/15/2002,24.53
8/14/2002,24.04
8/13/2002,22.6
8/12/2002,23.4
8/9/2002,23.33
8/8/2002,23.57
8/7/2002,22.8
8/6/2002,22.5
8/5/2002,21.44
8/2/2002,22.25
8/1/2002,22.73
7/31/2002,23.85
7/30/2002,24.31
7/29/2002,23.83
7/26/2002,22.67
7/25/2002,22.25
7/24/2002,23.62
7/23/2002,22.4
7/22/2002,23.4
7/19/2002,23.99
7/18/2002,24.73
7/17/2002,25.65
7/16/2002,25.19
7/15/2002,25.57
7/12/2002,24.8
7/11/2002,24.8
7/10/2002,23.9
7/9/2002,24.66
7/8/2002,25.38
7/5/2002,26.34
7/3/2002,24.75
7/2/2002,23.95
7/1/2002,24.85
6/28/2002,26.1
6/27/2002,26.21
6/26/2002,25.65
6/25/2002,25.46
6/24/2002,26.33
6/21/2002,25.82
6/20/2002,26.46
6/19/2002,27.34
6/18/2002,29.02
6/17/2002,28.56
6/14/2002,27.62
6/13/2002,27.68
6/12/2002,27.86
6/11/2002,27.46
6/10/2002,28.25
6/7/2002,28.3
6/6/2002,28.88
6/5/2002,29.66
6/4/2002,29.36
6/3/2002,28.98
5/31/2002,30.04
5/30/2002,30.54
5/29/2002,30.28
5/28/2002,31.1
5/24/2002,31.24
5/23/2002,32.03
5/22/2002,31.4
5/21/2002,31.33
5/20/2002,32.21
5/17/2002,32.93
5/16/2002,32.86
5/15/2002,32.81
5/14/2002,32.57
5/13/2002,30.76
5/10/2002,29.56
5/9/2002,30.95
5/8/2002,31.77
5/7/2002,28.7
5/6/2002,28.97
5/3/2002,29.74
5/2/2002,30.51
5/1/2002,31.56
4/30/2002,31.73
4/29/2002,31.12
4/26/2002,31.04
4/25/2002,32.42
4/24/2002,32.5
4/23/2002,33.01
4/22/2002,33.59
4/19/2002,34.46
4/18/2002,34.35
4/17/2002,35.02
4/16/2002,35.2
4/15/2002,33.79
4/12/2002,33.52
4/11/2002,33
4/10/2002,33.84
4/9/2002,33.59
4/8/2002,34.8
4/5/2002,34.37
4/4/2002,34.76
4/3/2002,35.03
4/2/2002,35.09
4/1/2002,36.75
3/28/2002,36.06
3/27/2002,35.61
3/26/2002,35.89
3/25/2002,35.56
3/22/2002,36.68
3/21/2002,37.02
3/20/2002,36.06
3/19/2002,37.38
3/18/2002,37.44
3/15/2002,37.23
3/14/2002,36.86
3/13/2002,37.08
3/12/2002,38
3/11/2002,38.53
3/8/2002,38.67
3/7/2002,37.68
3/6/2002,37.6
3/5/2002,37.42
3/4/2002,37.15
3/1/2002,35.74
2/28/2002,33.78
2/27/2002,34.4
2/26/2002,34.88
2/25/2002,35.01
2/22/2002,33.65
2/21/2002,33.48
2/20/2002,35.15
2/19/2002,34.68
2/15/2002,35.78
2/14/2002,36.88
2/13/2002,36.95
2/12/2002,36.33
2/11/2002,36.63
2/8/2002,36.17
2/7/2002,35.19
2/6/2002,36.06
2/5/2002,36.31
2/4/2002,36.92
2/1/2002,38.14
1/31/2002,38.51
1/30/2002,38.27
1/29/2002,37.98
1/28/2002,39.05
1/25/2002,38.83
1/24/2002,38.94
1/23/2002,38.43
1/22/2002,37.4
1/18/2002,38.59
1/17/2002,39.65
1/16/2002,38.78
1/15/2002,40.34
1/14/2002,39.96
1/11/2002,40.85
1/10/2002,41.38
1/9/2002,41.11
1/8/2002,41.49
1/7/2002,41.21
1/4/2002,41.67
1/3/2002,41.5
1/2/2002,40.11
12/31/2001,38.91
12/28/2001,40.33
12/27/2001,40.01
12/26/2001,39.69
12/24/2001,39.32
12/21/2001,39.48
12/20/2001,38.79
12/19/2001,40.51
12/18/2001,41.26
12/17/2001,40.8
12/14/2001,40.11
12/13/2001,39.76
12/12/2001,41.56
12/11/2001,41.23
12/10/2001,41
12/7/2001,41.73
12/6/2001,42.91
12/5/2001,42.85
12/4/2001,40.83
12/3/2001,38.97
11/30/2001,39.65
11/29/2001,39.95
11/28/2001,38.75
11/27/2001,40.2
11/26/2001,40.25
11/23/2001,39.28
11/21/2001,38.42
11/20/2001,38.62
11/19/2001,40.49
11/16/2001,39.37
11/15/2001,39.48
11/14/2001,39.64
11/13/2001,39.36
11/12/2001,38
11/9/2001,37.73
11/8/2001,37.75
11/7/2001,38.14
11/6/2001,38.19
11/5/2001,36.76
11/2/2001,35.6
11/1/2001,35.34
10/31/2001,33.9
10/30/2001,33.38
10/29/2001,34.04
10/26/2001,36.01
10/25/2001,36.8
10/24/2001,35.38
10/23/2001,34.63
10/22/2001,34.45
10/19/2001,33.55
10/18/2001,33.33
10/17/2001,32.45
10/16/2001,34.96
10/15/2001,34.4
10/12/2001,34.55
10/11/2001,34.7
10/10/2001,32.5
10/9/2001,31.09
10/8/2001,31.86
10/5/2001,31.76
10/4/2001,31.3
10/3/2001,31
10/2/2001,28.82
10/1/2001,28.73
9/28/2001,28.98
9/27/2001,28.48
9/26/2001,28.67
9/25/2001,29.7
9/24/2001,29.61
9/21/2001,28.19
9/20/2001,28.97
9/19/2001,29.97
9/18/2001,30.5
9/17/2001,31.2
9/10/2001,34.1
9/7/2001,33.7
9/6/2001,33.9
9/5/2001,35.33
9/4/2001,35.47
8/31/2001,36.63
8/30/2001,36.17
8/29/2001,37.56
8/28/2001,38.12
8/27/2001,39.35
8/24/2001,39.3
8/23/2001,37.32
8/22/2001,37.69
8/21/2001,36.69
8/20/2001,38.28
8/17/2001,37.76
8/16/2001,39.56
8/15/2001,39.1
8/14/2001,40.6
8/13/2001,41.1
8/10/2001,40.28
8/9/2001,40.67
8/8/2001,40.5
8/7/2001,42.28
8/6/2001,42.5
8/3/2001,43.18
8/2/2001,43.91
8/1/2001,43.1
7/31/2001,41.76
7/30/2001,41.7
7/27/2001,41.95
7/26/2001,41.1
7/25/2001,40.5
7/24/2001,40.15
7/23/2001,40.61
7/20/2001,41.65
7/19/2001,42.64
7/18/2001,41.65
7/17/2001,43.3
7/16/2001,42.35
7/13/2001,43.15
7/12/2001,43.6
7/11/2001,41
7/10/2001,40.5
7/9/2001,42.01
7/6/2001,41.65
7/5/2001,43.45
7/3/2001,45.64
7/2/2001,45.45
6/29/2001,45.7
6/28/2001,44.35
6/27/2001,43.79
6/26/2001,43.51
6/25/2001,43.36
6/22/2001,43.25
6/21/2001,43.35
6/20/2001,42.77
6/19/2001,41.82
6/18/2001,42.03
6/15/2001,42.6
6/14/2001,42.25
6/13/2001,44.55
6/12/2001,45.8
6/11/2001,46.05
6/8/2001,47.35
6/7/2001,48.7
6/6/2001,47.48
6/5/2001,47.85
6/4/2001,45.83
6/1/2001,46.05
5/31/2001,44.73
5/30/2001,44.43
5/29/2001,46.12
5/25/2001,48.99
5/24/2001,49.9
5/23/2001,48.65
5/22/2001,50.9
5/21/2001,51.05
5/18/2001,48.04
5/17/2001,47.9
5/16/2001,47.15
5/15/2001,45.15
5/14/2001,44.82
5/11/2001,45.55
5/10/2001,45.77
5/9/2001,46.55
5/8/2001,48.2
5/7/2001,47.2
5/4/2001,48.2
5/3/2001,46.8
5/2/2001,48.98
5/1/2001,48.05
4/30/2001,46.15
4/27/2001,45.15
4/26/2001,43.95
4/25/2001,45.1
4/24/2001,44.3
4/23/2001,45.15
4/20/2001,48.4
4/19/2001,48.3
4/18/2001,45.55
4/17/2001,41.25
4/16/2001,40.25
4/12/2001,42.8
4/11/2001,41
4/10/2001,39.8
4/9/2001,37.05
4/6/2001,35.95
4/5/2001,37.31
4/4/2001,34.05
4/3/2001,34.66
4/2/2001,37.4
3/30/2001,39.15
3/29/2001,38.95
3/28/2001,39.7
3/27/2001,43.25
3/26/2001,41.81
3/23/2001,42.8
3/22/2001,42.8
3/21/2001,40.35
3/20/2001,40.35
3/19/2001,43.26
3/16/2001,41.2
3/15/2001,42.15
3/14/2001,43.75
3/13/2001,44.45
3/12/2001,42.3
3/9/2001,45.1
3/8/2001,48.5
3/7/2001,49.42
3/6/2001,49.4
3/5/2001,47.55
3/2/2001,46.7
3/1/2001,48.8
2/28/2001,47.45
2/27/2001,49
2/26/2001,52.15
2/23/2001,51.18
2/22/2001,51
2/21/2001,51.5
2/20/2001,52.99
2/16/2001,55.13
2/15/2001,58.4
2/14/2001,57.45
2/13/2001,55.25
2/12/2001,57.08
2/9/2001,56.4
2/8/2001,58.79
2/7/2001,60.6
2/6/2001,61.6
2/5/2001,61.5
2/2/2001,61.55
2/1/2001,65.15
1/31/2001,64.3
1/30/2001,66.75
1/29/2001,67
1/26/2001,65.55
1/25/2001,64.5
1/24/2001,67.12
1/23/2001,67.77
1/22/2001,66.37
1/19/2001,66.31
1/18/2001,66.56
1/17/2001,63.88
1/16/2001,61.98
1/12/2001,62.73
1/11/2001,61.94
1/10/2001,60.19
1/9/2001,57.25
1/8/2001,57.25
1/5/2001,56.63
1/4/2001,61.31
1/3/2001,62.44
1/2/2001,53.44
12/29/2000,58.38
12/28/2000,61.44
12/27/2000,61.56
12/26/2000,60.88
12/22/2000,60.5
12/21/2000,56.06
12/20/2000,55.73
12/19/2000,59.13
12/18/2000,64
12/15/2000,63.88
12/14/2000,65.37
12/13/2000,68.73
12/12/2000,71.66
12/11/2000,74.37
12/8/2000,68
12/7/2000,66.5
12/6/2000,68
12/5/2000,70.69
12/4/2000,65
12/1/2000,64
11/30/2000,62.98
11/29/2000,62.94
11/28/2000,65.45
11/27/2000,69.56
11/24/2000,70.44
11/22/2000,66.62
11/21/2000,69.75
11/20/2000,69.86
11/17/2000,72.83
11/16/2000,72.87
11/15/2000,77.37
11/14/2000,75.84
11/13/2000,71.86
11/10/2000,71.75
11/9/2000,75.69
11/8/2000,75.7
11/7/2000,82.12
11/6/2000,82.44
11/3/2000,83.06
11/2/2000,82
11/1/2000,81
10/31/2000,81.7
10/30/2000,76.77
10/27/2000,79.72
10/26/2000,79.87
10/25/2000,77.87
10/24/2000,82.5
10/23/2000,86.19
10/20/2000,86.31
10/19/2000,85.06
10/18/2000,78
10/17/2000,78.25
10/16/2000,82
10/13/2000,81.25
10/12/2000,75.12
10/11/2000,77.06
10/10/2000,78.31
10/9/2000,82.62
10/6/2000,83
10/5/2000,85.87
10/4/2000,85.62
10/3/2000,84
10/2/2000,86.75
9/29/2000,88.75
9/28/2000,91.56
9/27/2000,89.56
9/26/2000,89.44
9/25/2000,90.47
9/22/2000,92.94
9/21/2000,87.75
9/20/2000,94.62
9/19/2000,93.19
9/18/2000,89.87
9/15/2000,91.31
9/14/2000,93
9/13/2000,93.5
9/12/2000,91.37
9/11/2000,92.81
9/8/2000,95.12
9/7/2000,98.12
9/6/2000,96
9/5/2000,99.5
9/1/2000,102.62
8/31/2000,101.62
8/30/2000,98.87
8/29/2000,99
8/28/2000,98.5
8/25/2000,98.03
8/24/2000,98.56
8/23/2000,97.06
8/22/2000,95.5
8/21/2000,95.5
8/18/2000,95.25
8/17/2000,95.75
8/16/2000,93.94
8/15/2000,93
8/14/2000,93
8/11/2000,91.06
8/10/2000,89.81
8/9/2000,91.62
8/8/2000,94.12
8/7/2000,92.25
8/4/2000,90.12
8/3/2000,90.44
8/2/2000,86.69
8/1/2000,88.25
7/31/2000,89.44
7/28/2000,86.87
7/27/2000,91.87
7/26/2000,95.62
7/25/2000,95.75
7/24/2000,95
7/21/2000,97
7/20/2000,100.37
7/19/2000,97.25
7/18/2000,99.5
7/17/2000,101.75
7/14/2000,100.62
7/13/2000,98.5
7/12/2000,97.25
7/11/2000,95
7/10/2000,94.48
7/7/2000,95.94
7/6/2000,94
7/5/2000,91.56
7/3/2000,95.25
6/30/2000,93.44
6/29/2000,91.64
6/28/2000,94
6/27/2000,92.87
6/26/2000,94
6/23/2000,91.5
6/22/2000,95.25
6/21/2000,98.87
6/20/2000,97.62
6/19/2000,98
6/16/2000,94.25
6/15/2000,93.75
6/14/2000,92.12
6/13/2000,94.25
6/12/2000,90.75
6/9/2000,93.75
6/8/2000,93.25
6/7/2000,93.69
6/6/2000,91.25
6/5/2000,93.86
6/2/2000,93.62
6/1/2000,87.37
5/31/2000,83.12
5/30/2000,85.56
5/26/2000,77.75
5/25/2000,77.75
5/24/2000,79.5
5/23/2000,74.81
5/22/2000,81.62
5/19/2000,81.69
5/18/2000,85.75
5/17/2000,88.94
5/16/2000,90.81
5/15/2000,88.31
5/12/2000,84.62
5/11/2000,84.62
5/10/2000,79.75
5/9/2000,86
5/8/2000,87.87
5/5/2000,91.44
5/4/2000,89.31
5/3/2000,89.12
5/2/2000,90.12
5/1/2000,95.62
4/28/2000,94.75
4/27/2000,91.25
4/26/2000,87.37
4/25/2000,90.47
4/24/2000,84.75
4/20/2000,87.25
4/19/2000,89.19
4/18/2000,92
4/17/2000,89.62
4/14/2000,80.37
4/13/2000,88
4/12/2000,92
4/11/2000,97.75
4/10/2000,100.12
4/7/2000,106.62
4/6/2000,102.5
4/5/2000,100.12
4/4/2000,101.94
4/3/2000,102.94
3/31/2000,109.5
3/30/2000,107.25
3/29/2000,110
3/28/2000,114.75
3/27/2000,117.75
3/24/2000,117.56
3/23/2000,116
3/22/2000,114
3/21/2000,111.75
3/20/2000,107.69
3/17/2000,221.63
3/16/2000,217.5
3/15/2000,205.75
3/14/2000,214.75
3/13/2000,223
3/10/2000,229
3/9/2000,230
3/8/2000,222.5
3/7/2000,220.5
3/6/2000,223.88
3/3/2000,222.13
3/2/2000,210.27
3/1/2000,215.25
2/29/2000,213.5
2/28/2000,208
2/25/2000,208.13
2/24/2000,213
2/23/2000,208.5
2/22/2000,197.5
2/18/2000,196.88
2/17/2000,204.25
2/16/2000,200
2/15/2000,200.94
2/14/2000,199.5
2/11/2000,199.75
2/10/2000,204.5
2/9/2000,198
2/8/2000,205.25
2/7/2000,197
2/4/2000,194.31
2/3/2000,193
2/2/2000,185.75
2/1/2000,184.19
1/31/2000,179.38
1/28/2000,172
1/27/2000,181.13
1/26/2000,178.5
1/25/2000,186
1/24/2000,183.25
1/21/2000,192.5
1/20/2000,190.13
1/19/2000,192
1/18/2000,187.75
1/14/2000,186.75
1/13/2000,182.5
1/12/2000,172.13
1/11/2000,176
1/10/2000,185
1/7/2000,180
1/6/2000,160.19
1/5/2000,172
1/4/2000,176.5
1/3/2000,189.5
12/31/1999,182.75
12/30/1999,183
12/29/1999,185
12/28/1999,178.25
12/27/1999,179.38
12/23/1999,180.44
12/22/1999,178.31
12/21/1999,178.88
12/20/1999,169.75
12/17/1999,167.56
12/16/1999,166.13
12/15/1999,162.13
12/14/1999,159.06
12/13/1999,161.98
12/10/1999,159.81
12/9/1999,158.5
12/8/1999,157.75
12/7/1999,159.69
12/6/1999,159.69
12/3/1999,158.25
12/2/1999,154.95
12/1/1999,150.19
11/30/1999,147
11/29/1999,152.81
11/26/1999,155.38
11/24/1999,154.88
11/23/1999,149.94
11/22/1999,149.25
11/19/1999,151.56
11/18/1999,150.22
11/17/1999,145.75
11/16/1999,147.75
11/15/1999,144.09
11/12/1999,144.38
11/11/1999,142.5
11/10/1999,140
11/9/1999,138.19
11/8/1999,139.13
11/5/1999,136.38
11/4/1999,135
11/3/1999,133.5
11/2/1999,130.89
11/1/1999,130.81
10/29/1999,131.5
10/28/1999,127.06
10/27/1999,122.81
10/26/1999,123
10/25/1999,124
10/22/1999,123.94
10/21/1999,124.5
10/20/1999,122.5
10/19/1999,118.87
10/18/1999,118.23
10/15/1999,119.75
10/14/1999,123.39
10/13/1999,122.62
10/12/1999,126.37
10/11/1999,129.31
10/8/1999,127.52
10/7/1999,126.19
10/6/1999,126.48
10/5/1999,124
10/4/1999,123.12
10/1/1999,120.42
9/30/1999,120.37
9/29/1999,119.12
9/28/1999,121.56
9/27/1999,121
9/24/1999,120.16
9/23/1999,120
9/22/1999,125.19
9/21/1999,123.87
9/20/1999,126.92
9/17/1999,126.62
9/16/1999,122.94
9/15/1999,123
9/14/1999,125.42
9/13/1999,124.73
9/10/1999,126.25
9/9/1999,124.81
9/8/1999,123.06
9/7/1999,124.75
9/3/1999,125.31
9/2/1999,119.81
9/1/1999,120.23
8/31/1999,119.37
8/30/1999,118.06
8/27/1999,119.75
8/26/1999,120.95
8/25/1999,123
8/24/1999,120.44
8/23/1999,119.62
8/20/1999,115.94
8/19/1999,114.12
8/18/1999,115.5
8/17/1999,116.81
8/16/1999,116.23
8/13/1999,115.31
8/12/1999,110.5
8/11/1999,111.81
8/10/1999,108.25
8/9/1999,109.23
8/6/1999,110.66
8/5/1999,111.86
8/4/1999,110.11
8/3/1999,112.14
8/2/1999,112.87
7/30/1999,113.19
7/29/1999,113.75
7/28/1999,116.23
7/27/1999,114
7/26/1999,111.75
7/23/1999,114.56
7/22/1999,114.39
7/21/1999,117.37
7/20/1999,116.81
7/19/1999,121.5
7/16/1999,122.75
7/15/1999,121.62
7/14/1999,120.52
7/13/1999,118.5
7/12/1999,119.06
7/9/1999,119.69
7/8/1999,118.5
7/7/1999,116.94
7/6/1999,116.75
7/2/1999,117.5
7/1/1999,116.03
6/30/1999,115.25
6/29/1999,113.5
6/28/1999,111.97
6/25/1999,109.37
6/24/1999,109.52
6/23/1999,111.73
6/22/1999,110
6/21/1999,113.42
6/18/1999,110.12
6/17/1999,109.62
6/16/1999,108.42
6/15/1999,103.12
6/14/1999,101.61
6/11/1999,103.56
6/10/1999,105.16
6/9/1999,106.37
6/8/1999,104.62
6/7/1999,107.31
6/4/1999,105.12
6/3/1999,102
6/2/1999,103.47
6/1/1999,101.75
5/28/1999,104.06
5/27/1999,102.37
5/26/1999,102.47
5/25/1999,99.69
5/24/1999,103.06
5/21/1999,105.75
5/20/1999,106.73
5/19/1999,109.75
5/18/1999,108.25
5/17/1999,108.73
5/14/1999,106.81
5/13/1999,108.87
5/12/1999,110.94
5/11/1999,108.69
5/10/1999,107
5/7/1999,105.94
5/6/1999,104.44
5/5/1999,108.37
5/4/1999,105.19
5/3/1999,106.87
4/30/1999,107.44
4/29/1999,106.75
4/28/1999,107.62
4/27/1999,111.44
4/26/1999,113.17
4/23/1999,110.62
4/22/1999,109.19
4/21/1999,106.31
4/20/1999,101.31
4/19/1999,99.06
4/16/1999,103.94
4/15/1999,107.06
4/14/1999,105.62
4/13/1999,109.37
4/12/1999,110.87
4/9/1999,111.62
4/8/1999,110.94
4/7/1999,110.06
4/6/1999,111.22
4/5/1999,111
4/1/1999,107.12
3/31/1999,104.94
3/30/1999,106.5
3/29/1999,107.25
3/26/1999,103.5
3/25/1999,104.62
3/24/1999,100.94
3/23/1999,97.62
3/22/1999,101.19
3/19/1999,102.44
3/18/1999,105.12
3/17/1999,103.12
3/16/1999,103.87
3/15/1999,103
3/12/1999,100.12
3/11/1999,102.62
3/10/1999,102.12
